round,accuracy,precision,recall,f1
1,0.638,0.6391037617580057,0.638,0.6336889885128667
