round,accuracy,precision,recall,f1
1,0.586,0.5649631730842257,0.586,0.5733805375905747
