round,accuracy,precision,recall,f1
1,0.659,0.7030182116488926,0.659,0.6619216827950521
