round,accuracy,precision,recall,f1
1,0.696,0.7202975058807068,0.696,0.6947977203017766
