round,accuracy,precision,recall,f1
1,0.631,0.6625613246426615,0.631,0.6022911445615535
